IP 地址,已发送,已接收,丢包率,平均延迟,下载速度 (MB/s)
2606:4700:0:a393:46b2:724a:5923:8261,4,3,0.25,227.30,0.00
2606:4700::14:55d2:253a:6a2a,4,2,0.50,222.31,0.00
2606:4700::1d07:2156:1991:328d,4,2,0.50,222.74,0.00
2606:4700:0:a393:46f6:69eb:8579:e55e,4,2,0.50,224.86,0.00
2606:4700:0:a393:46f6:69eb:c382:2481,4,2,0.50,225.32,0.00
2606:4700:0:a393:46b2:4885:26cb:546f,4,2,0.50,226.27,0.00
2606:4700::c77a:fefe:b48:6cc5,4,2,0.50,233.11,0.00
2606:4700:0:3b:9afa:2e99:5447:d164,4,2,0.50,233.48,0.00
2606:4700:0:a393:ad63:4023:61ca:48ae,4,2,0.50,239.22,0.00
2606:4700:0:a393:1795:5a47:b10:627c,4,2,0.50,245.41,0.00
2606:4700::1d07:f4ab:7c08:730b,4,2,0.50,250.58,0.00
2606:4700:0:a393:46f6:69eb:c33a:4b21,4,2,0.50,250.61,0.00
2606:4700::1d07:2104:be12:d61a,4,1,0.75,204.84,0.00
2606:4700::1d07:2156:8e65:2917,4,1,0.75,206.96,0.00
2606:4700::d8:b6b7,4,1,0.75,207.34,0.00
2606:4700::c77a:fefe:bdd:a82b,4,1,0.75,208.47,0.00
2606:4700:0:a393:46b2:73c2:d276:9132,4,1,0.75,210.55,0.00
2606:4700:0:a393:1795:235a:856:6026,4,1,0.75,211.12,0.00
2606:4700:0:a393:4671:cad9:60f8:88f8,4,1,0.75,211.85,0.00
2606:4700:0:a313:6813:3f4e:f079:d2ee,4,1,0.75,211.90,0.00
2606:4700::1d07:21df:b0f8:9c20,4,1,0.75,211.97,0.00
2606:4700::c742:1a5c:5e34:7314,4,1,0.75,212.71,0.00
2606:4700:0:a393:46b2:72ca:818:9d51,4,1,0.75,213.46,0.00
2606:4700:0:3b:4e45:e8dd:b4f0:e45f,4,1,0.75,214.32,0.00
2606:4700:0:3b:9a2e:a179:c22f:bc1f,4,1,0.75,215.27,0.00
2606:4700::5c76:6090:ce07:26a,4,1,0.75,216.30,0.00
2606:4700:0:a393:4671:cad9:606e:2310,4,1,0.75,216.91,0.00
2606:4700:0:3b:9afa:2e99:54e8:d793,4,1,0.75,217.26,0.00
2606:4700:0:a393:46b2:73c2:d23a:796a,4,1,0.75,225.64,0.00
2606:4700:0:a393:1795:5a47:7248:442d,4,1,0.75,229.84,0.00
2606:4700::14:550b:666e:6bc,4,1,0.75,231.15,0.00
2606:4700::18:d8f1,4,1,0.75,231.53,0.00
2606:4700::c742:1a5f:8cae:88c0,4,1,0.75,232.17,0.00
2606:4700:0:a393:1795:235a:c72f:aea4,4,1,0.75,232.43,0.00
2606:4700::14:bb2f:b6b3:e530,4,1,0.75,233.49,0.00
2606:4700::1d07:f442:232b:5457,4,1,0.75,233.83,0.00
2606:4700:0:3b:9a2e:a1a6:aa27:fd20,4,1,0.75,234.29,0.00
2606:4700:0:3b:4e61:9bb8:415a:2e36,4,1,0.75,234.30,0.00
2606:4700:0:3b:4e61:9bb8:98e9:5f7,4,1,0.75,234.67,0.00
2606:4700:0:3b:4e61:866:2a3b:621e,4,1,0.75,235.25,0.00
2606:4700:0:3b:9a2e:a1a6:aa58:bf2e,4,1,0.75,235.33,0.00
2606:4700:0:a393:46b2:48df:b523:fce4,4,1,0.75,235.61,0.00
2606:4700::1d07:21d3:602d:265,4,1,0.75,235.90,0.00
2606:4700:0:a313:6813:3f4e:f0ce:3a1b,4,1,0.75,236.00,0.00
2606:4700:0:a393:46b2:72ca:9697:ef04,4,1,0.75,236.65,0.00
2606:4700::1d07:5caf:987e:2800,4,1,0.75,236.82,0.00
2606:4700:0:a313:6893:6c52:7cce:c45f,4,1,0.75,237.04,0.00
2606:4700::5c76:6033:9cc8:1551,4,1,0.75,237.41,0.00
2606:4700::14:55d2:b986:3da4,4,1,0.75,237.79,0.00
2606:4700:0:a393:46b2:724a:5922:c242,4,1,0.75,238.15,0.00
2606:4700:0:a313:6893:6cc1:28dc:45f5,4,1,0.75,238.25,0.00
2606:4700:0:a393:4671:3227:7a74:8237,4,1,0.75,238.40,0.00
2606:4700::fd96:70da:d844,4,1,0.75,238.68,0.00
2606:4700:0:a393:1795:5a47:bd6:271,4,1,0.75,239.28,0.00
2606:4700::c77a:fe32:4198:eff4,4,1,0.75,239.58,0.00
2606:4700::fd55:2cfb:b487,4,1,0.75,239.59,0.00
2606:4700:0:a393:ad63:4ed4:f7c:14f,4,1,0.75,239.82,0.00
2606:4700:0:3b:9afa:6773:d3c2:93b1,4,1,0.75,240.03,0.00
2606:4700:0:3b:9afa:2e99:32fb:8cc8,4,1,0.75,240.07,0.00
2606:4700:0:3b:9a2e:a179:c253:2224,4,1,0.75,240.31,0.00
2606:4700::1d07:f4ab:fdad:6557,4,1,0.75,240.32,0.00
2606:4700:0:a393:46b2:48df:7972:615c,4,1,0.75,241.15,0.00
2606:4700::5c76:6007:4140:efcf,4,1,0.75,241.42,0.00
2606:4700:0:a393:4671:ca55:d836:7547,4,1,0.75,241.59,0.00
2606:4700:0:a393:46f6:6943:a664:8e22,4,1,0.75,241.81,0.00
2606:4700:0:a393:4671:32bf:166d:a719,4,1,0.75,242.12,0.00
2606:4700::1da8:f0a7:6279:9d8,4,1,0.75,243.31,0.00
2606:4700:0:3b:4e61:866:2a90:45fe,4,1,0.75,244.30,0.00
2606:4700::1d07:5c41:abe8:a13e,4,1,0.75,245.95,0.00
2606:4700:0:a393:46b2:72ca:8b6:8789,4,1,0.75,246.39,0.00
2606:4700:0:a313:6893:6c52:7c7e:9c30,4,1,0.75,250.68,0.00
2606:4700:0:a313:6893:d77a:6f93:b908,4,1,0.75,258.66,0.00
2606:4700:0:3b:9afa:67d7:7add:3f44,4,1,0.75,258.72,0.00
2606:4700:0:3b:4e61:a7ab:f593:ed12,4,1,0.75,258.73,0.00
2606:4700:0:a313:6813:3f4e:f009:8e4f,4,1,0.75,258.95,0.00
2606:4700::c77a:fefe:5107:843c,4,1,0.75,259.44,0.00
2606:4700:0:a313:6813:ea05:9e84:ead0,4,1,0.75,259.46,0.00
2606:4700::1d07:f442:2a8a:8d9d,4,1,0.75,259.69,0.00
2606:4700:0:a393:46b2:4862:7bdd:da11,4,1,0.75,259.80,0.00
2606:4700::14:55d2:25eb:c4a1,4,1,0.75,260.28,0.00
2606:4700:0:a393:4671:3243:6130:a064,4,1,0.75,260.41,0.00
2606:4700:0:3b:4e61:867:e37a:7f0f,4,1,0.75,260.50,0.00
2606:4700:0:3b:4e61:8d7:f465:8481,4,1,0.75,260.68,0.00
2606:4700:0:a313:6813:eadc:1c9e:2cb3,4,1,0.75,260.96,0.00
2606:4700::fd96:7013:489,4,1,0.75,261.56,0.00
2606:4700:0:a313:6893:d77a:4ca9:de07,4,1,0.75,261.58,0.00
2606:4700:0:a393:46b2:48df:79bf:1f06,4,1,0.75,261.65,0.00
2606:4700::c742:1a5c:da08:5ee6,4,1,0.75,261.73,0.00
2606:4700::fd55:c6b7:a9c2,4,1,0.75,261.90,0.00
2606:4700::fd51:c299:2a79,4,1,0.75,261.91,0.00
2606:4700::5c76:6033:9cfa:f0e4,4,1,0.75,261.93,0.00
2606:4700::fd55:2c53:a692,4,1,0.75,262.15,0.00
2606:4700:0:a313:6813:ea1c:4020:ce8a,4,1,0.75,262.31,0.00
2606:4700:0:3b:4e61:866:2ae3:e78b,4,1,0.75,263.01,0.00
2606:4700::fd55:c6cd:c10c,4,1,0.75,264.18,0.00
2606:4700:0:a393:1795:235a:86b:70bb,4,1,0.75,264.60,0.00
2606:4700:0:a313:6893:d77a:6fb4:9350,4,1,0.75,265.08,0.00
2606:4700:0:a393:46f6:94f:b3bf:1d89,4,1,0.75,265.15,0.00
2606:4700::5c76:9b4d:ef09:18ed,4,1,0.75,265.19,0.00
2606:4700:0:a393:ad63:40fe:20e6:9beb,4,1,0.75,265.42,0.00
2606:4700::fd55:c64b:9bcd,4,1,0.75,266.19,0.00
2606:4700:0:a393:46b2:72ca:50fa:b3fa,4,1,0.75,267.30,0.00
2606:4700:0:a313:6813:eadc:1c96:57ce,4,1,0.75,267.43,0.00
2606:4700::14:55d2:b987:b17d,4,1,0.75,267.68,0.00
2606:4700:0:a393:46b2:724a:59e8:900e,4,1,0.75,270.14,0.00
